ground,&H707070
sky,&H707070
width,10
height,10
version,1
start,5,5,-1,0,0,0.66
wall,1,&H808080,&H404040
wall,5,&H00,&H00
map,1,1,1,1,1,1,1,1,1,1
map,1,0,0,0,0,0,0,0,0,1
map,1,0,0,0,0,0,0,0,0,1
map,1,0,0,0,0,0,0,0,0,1
map,5,0,0,0,0,0,0,0,0,1
map,1,0,0,0,0,0,0,0,0,1
map,1,0,0,0,0,0,0,0,0,1
map,1,0,0,0,0,0,0,0,0,1
map,1,0,0,0,0,0,0,0,0,1
map,1,1,1,1,1,1,1,1,1,1
warp,4,1,Arcade.csv,5,17,9.225737E-02,-0.9957351,-0.6571854,-0.0608899